-- MySQL dump 10.13  Distrib 5.7.11, for osx10.9 (x86_64)
--
-- Host: localhost    Database: birojasadb
-- ------------------------------------------------------
-- Server version	5.7.11

/*!40101 SET @OLD_CHARACTER_SET_CLIENT=@@CHARACTER_SET_CLIENT */;
/*!40101 SET @OLD_CHARACTER_SET_RESULTS=@@CHARACTER_SET_RESULTS */;
/*!40101 SET @OLD_COLLATION_CONNECTION=@@COLLATION_CONNECTION */;
/*!40101 SET NAMES utf8 */;
/*!40103 SET @OLD_TIME_ZONE=@@TIME_ZONE */;
/*!40103 SET TIME_ZONE='+00:00' */;
/*!40014 SET @OLD_UNIQUE_CHECKS=@@UNIQUE_CHECKS, UNIQUE_CHECKS=0 */;
/*!40014 SET @OLD_FOREIGN_KEY_CHECKS=@@FOREIGN_KEY_CHECKS, FOREIGN_KEY_CHECKS=0 */;
/*!40101 SET @OLD_SQL_MODE=@@SQL_MODE, SQL_MODE='NO_AUTO_VALUE_ON_ZERO' */;
/*!40111 SET @OLD_SQL_NOTES=@@SQL_NOTES, SQL_NOTES=0 */;

--
-- Table structure for table `admin`
--

DROP TABLE IF EXISTS `admin`;
/*!40101 SET @saved_cs_client     = @@character_set_client */;
/*!40101 SET character_set_client = utf8 */;
CREATE TABLE `admin` (
  `admin_login` varchar(100) NOT NULL,
  `admin_pass` varchar(32) NOT NULL
) ENGINE=InnoDB DEFAULT CHARSET=latin1;
/*!40101 SET character_set_client = @saved_cs_client */;

--
-- Dumping data for table `admin`
--

LOCK TABLES `admin` WRITE;
/*!40000 ALTER TABLE `admin` DISABLE KEYS */;
INSERT INTO `admin` VALUES ('admin','21232f297a57a5a743894a0e4a801fc3');
/*!40000 ALTER TABLE `admin` ENABLE KEYS */;
UNLOCK TABLES;

--
-- Table structure for table `biro_jasa`
--

DROP TABLE IF EXISTS `biro_jasa`;
/*!40101 SET @saved_cs_client     = @@character_set_client */;
/*!40101 SET character_set_client = utf8 */;
CREATE TABLE `biro_jasa` (
  `id` int(11) NOT NULL AUTO_INCREMENT,
  `nama` varchar(100) DEFAULT NULL,
  `alamat` text,
  `no_siup` varchar(100) DEFAULT NULL,
  `no_tdp` varchar(100) DEFAULT NULL,
  `no_npwp` varchar(200) DEFAULT NULL,
  `telp` varchar(20) DEFAULT NULL,
  `hp` varchar(20) DEFAULT NULL,
  `email` varchar(100) DEFAULT NULL,
  `aktif` int(1) DEFAULT NULL,
  PRIMARY KEY (`id`)
) ENGINE=InnoDB AUTO_INCREMENT=30 DEFAULT CHARSET=latin1;
/*!40101 SET character_set_client = @saved_cs_client */;

--
-- Dumping data for table `biro_jasa`
--

LOCK TABLES `biro_jasa` WRITE;
/*!40000 ALTER TABLE `biro_jasa` DISABLE KEYS */;
INSERT INTO `biro_jasa` VALUES (24,'Biro Budi Utama','dsfsdfdsfsdfsd','dafdsa','fasdfsdaf','fasfdsaf','fdafdsaf','dsafdsfdsafsad','taujago33@yufid.org',NULL),(25,'asfdf','dsfsdfdsfsdfsd','dafdsa','fasdfsdaf','fasfdsaf','fdafdsaf','dsafdsfdsafsad','taujago33@yufid.org',NULL),(26,'asfdf','dsfsdfdsfsdfsd','dafdsa','fasdfsdaf','fasfdsaf','fdafdsaf','dsafdsfdsafsad','taujago33@yufid.org',NULL),(27,'adfafsdf','fafasdfsad','fasfafsda','fsafdasf','fasfdsa','fdafdsaf','dsafdsfdsafsad','afdsafdd',NULL),(29,'asfaf3r3dff','dsafdssdf','dfdf','fdf','35835839853953','sfdfd','asfdsaffdsfsfsd','taujago@yahoo.co.id',NULL);
/*!40000 ALTER TABLE `biro_jasa` ENABLE KEYS */;
UNLOCK TABLES;

--
-- Table structure for table `m_polda`
--

DROP TABLE IF EXISTS `m_polda`;
/*!40101 SET @saved_cs_client     = @@character_set_client */;
/*!40101 SET character_set_client = utf8 */;
CREATE TABLE `m_polda` (
  `polda_id` int(10) NOT NULL AUTO_INCREMENT,
  `polda_nama` varchar(100) DEFAULT NULL,
  PRIMARY KEY (`polda_id`)
) ENGINE=InnoDB AUTO_INCREMENT=32 DEFAULT CHARSET=latin1;
/*!40101 SET character_set_client = @saved_cs_client */;

--
-- Dumping data for table `m_polda`
--

LOCK TABLES `m_polda` WRITE;
/*!40000 ALTER TABLE `m_polda` DISABLE KEYS */;
INSERT INTO `m_polda` VALUES (1,'NAD'),(2,'SUMATERA UTARA'),(3,'SUMATERA BARAT'),(4,'RIAU'),(5,'KALIMANTAN BARAT'),(6,'SUMATERA SELATAN'),(7,'LAMPUNG'),(8,'BENGKULU'),(9,'JAMBI'),(10,'METRO JAYA'),(11,'JAWA BARAT'),(12,'JAWA TENGAH'),(13,'D.I. YOGYAKARTA'),(14,'JAWA TIMUR'),(15,'BALI'),(16,'N.T.B'),(17,'N.T.T'),(18,'KALIMANTAN TIMUR'),(19,'KALIMANTAN SELATAN'),(20,'KALIMANTAN TENGAH'),(21,'SULAWESI SELATAN'),(22,'SULAWESI TENGGARA'),(23,'SULAWESI UTARA'),(24,'SULAWESI TENGAH'),(25,'MALUKU'),(26,'PAPUA'),(27,'BANTEN'),(28,'BANGKA BELITUNG'),(29,'GORONTALO'),(30,'MALUKU UTARA'),(31,'KEPULAUAN RIAU');
/*!40000 ALTER TABLE `m_polda` ENABLE KEYS */;
UNLOCK TABLES;

--
-- Table structure for table `m_polres`
--

DROP TABLE IF EXISTS `m_polres`;
/*!40101 SET @saved_cs_client     = @@character_set_client */;
/*!40101 SET character_set_client = utf8 */;
CREATE TABLE `m_polres` (
  `polres_id` int(10) NOT NULL AUTO_INCREMENT,
  `polres_nama` varchar(200) DEFAULT NULL,
  `polres_kode` int(10) DEFAULT NULL,
  `polda_id` int(10) DEFAULT NULL,
  PRIMARY KEY (`polres_id`)
) ENGINE=InnoDB AUTO_INCREMENT=384 DEFAULT CHARSET=latin1;
/*!40101 SET character_set_client = @saved_cs_client */;

--
-- Dumping data for table `m_polres`
--

LOCK TABLES `m_polres` WRITE;
/*!40000 ALTER TABLE `m_polres` DISABLE KEYS */;
INSERT INTO `m_polres` VALUES (1,'POLRESTA BANDA ACEH',1,1),(2,'ACEH PIDIE',2,1),(3,'POLRESTA LHOKSEUMAWE',3,1),(4,'POLRESTA LANGSA',4,1),(5,'ACEH BARAT',5,1),(6,'ACEH SELATAN',6,1),(7,'ACEH TENGAH',7,1),(8,'ACEH TENGGARA',8,1),(9,'SABANG',9,1),(10,'BIREUEN',10,1),(11,'ACEH BESAR',11,1),(12,'SIMEULUE',12,1),(13,'ACEH TAMIANG',13,1),(14,'SINGKIL',14,1),(15,'ACEH BARAT DAYA',15,1),(16,'ACEH UTARA',16,1),(17,'MEDAN',1,2),(18,'POLRESTA TEBING TINGGI',2,2),(19,'POLRESTA BINJAI',3,2),(20,'TANAH KARO',4,2),(21,'SIMALUNGUN',5,2),(22,'ASAHAN',6,2),(23,'LABUAN BATU',7,2),(24,'TAPANULI UTARA',8,2),(25,'DAIRI',9,2),(26,'POLRESTA TAPANULI SELATAN',10,2),(27,'TAPANULI TENGAH',11,2),(28,'NIAS',12,2),(29,'MADINA',13,2),(30,'DELI SERDANG',14,2),(31,'LANGKAT',15,2),(32,'POLTABES PADANG',1,3),(33,'PESISIR SELATAN',2,3),(34,'PASAMAN TIMUR',3,3),(35,'PAYAKUMBUH',4,3),(36,'POLRESTA BUKIT TINGGI',5,3),(37,'PADANG PARIAMAN',6,3),(38,'POLRESTA TANAH DATAR',7,3),(39,'SIJUNJUNG',8,3),(40,'POLRESTA SOLOK',9,3),(41,'AGAM',10,3),(42,'SOLOK KAYU ARU',11,3),(43,'LIMA PULUH KOTA',12,3),(44,'POLTABES PEKANBARU',1,4),(45,'INDRAGIRI HULU',2,4),(46,'POLRESTA DUMAI',3,4),(47,'KAMPAR',4,4),(48,'INDRAGIRI HILIR',5,4),(49,'POLTABES PELALAWAN',6,4),(50,'BENGKALIS',7,4),(51,'ROKAN HILIR',8,4),(52,'KUANTAN SINGINGI',9,4),(53,'ROKAN HULU',10,4),(54,'SIAK',11,4),(55,'POLTABES PONTIANAK',1,5),(56,'PONTIANAK',2,5),(57,'SAMBAS',3,5),(58,'SANGGAU',4,5),(59,'SINTANG',5,5),(60,'KAPUAS HULU',6,5),(61,'KETAPANG',7,5),(62,'LANDAK',8,5),(63,'BENGKAYANG',9,5),(64,'SINGKAWANG',10,5),(65,'SEKADAU',11,5),(66,'MELAWI',12,5),(67,'POLTABES PALEMBANG',1,6),(68,'MUSI BANYUASIN',2,6),(69,'OKI',3,6),(70,'MUARA ENIM',4,6),(71,'LAHT',5,6),(72,'OKU',6,6),(73,'LUBUK LINGGAU',7,6),(74,'BANYUASIN',8,6),(75,'PRABUMULIH',9,6),(76,'PAGAR ALAM',10,6),(77,'OGAN ILIR',11,6),(78,'MUSI RAWAS',12,6),(79,'OKU SELATAN',13,6),(80,'OKU TIMUR',14,6),(81,'POLTABES BANDAR LAMPUNG',1,7),(82,'LAMPUNG SELATAN',2,7),(83,'LAMPUNG TENGAH',3,7),(84,'LAMPUNG UTARA',4,7),(85,'LAMPUNG BARAT',5,7),(86,'TANGGAMUS',6,7),(87,'TULANG BAWANG',7,7),(88,'WAY KANAN',8,7),(89,'LAMPUNG TIMUR',9,7),(90,'METRO',10,7),(91,'POLRESTA BENGKULU',1,8),(92,'BENGKULU UTARA',2,8),(93,'REJANG LEBONG',3,8),(94,'BENGKULU SELATAN',4,8),(95,'MUKO MUKO',5,8),(96,'SELUMA',6,8),(97,'POLTABES JAMBI',1,9),(98,'BATANGHARI',2,9),(99,'BUNGO',3,9),(100,'KERINCI',4,9),(101,'TANJUNG JUBANG BARAT',5,9),(102,'NERANGIN',6,9),(103,'SAROLANGUN',7,9),(104,'MUARO JAMBI',8,9),(105,'TANJAB TIMUR',9,9),(106,'TEBO',10,9),(107,'POLDA METRO JAYA',1,10),(108,'POLRES METRO JAKARTA PUSAT',2,10),(109,'POLRES METRO JAKARTA SELATAN',3,10),(110,'POLRES METRO JAKARTA TIMUR',4,10),(111,'POLRES METRO JAKARTA UTARA',5,10),(112,'POLRES TANGERANG',6,10),(113,'POLRES BEKASI',7,10),(114,'POLRES DEPOK',8,10),(115,'POLRES BEKASI KABUPATEN',9,10),(116,'POLRES TANGERANG KABUPATEN',10,10),(117,'POLRES KP3 TANJUNG PRIOK',11,10),(118,'POLRES BANDARA SOEKARNO-HATTA',12,10),(119,'POLWILTABES BANDUNG',1,11),(120,'POLRESTA BANDUNG BARAT',2,11),(121,'POLRESTA BANDUNG TENGAH',3,11),(122,'POLRESTA BANDUNG TIMUR',4,11),(123,'POLRESTA BOGOR',5,11),(124,'BOGOR',6,11),(125,'POLRESTA SUKABUMI',7,11),(126,'SUKABUMI',8,11),(127,'CIANJUR',9,11),(128,'PURWAKARTA',10,11),(129,'KARAWANG',11,11),(130,'CIMAHI',12,11),(131,'POLRESTA CIMAHI',13,11),(132,'BANDUNG',14,11),(133,'SUMEDANG',15,11),(134,'GARUT',16,11),(135,'POLRESTA TASIKMALAYA',17,11),(136,'POLRES TASIKMALAYA',18,11),(137,'CIAMIS',19,11),(138,'POLRESTA BANJAR',20,11),(139,'POLRESTA CIREBON',21,11),(140,'CIREBON',22,11),(141,'INDRAMAYU',23,11),(142,'MAJALENGKA',24,11),(143,'KUNINGAN',25,11),(144,'BANYUMAS',1,12),(145,'CILACAP',2,12),(146,'PURBALINGGA',3,12),(147,'BANJARNEGARA',4,12),(148,'POLRESTA PEKALONGAN',5,12),(149,'BATANG',6,12),(150,'PEMALANG',7,12),(151,'POLRESTA TEGAL',8,12),(152,'POLRES TEGAL',9,12),(153,'BREBES',10,12),(154,'PEKALONGAN',11,12),(155,'GROBOGAN',12,12),(156,'PATI',13,12),(157,'KUDUS',14,12),(158,'JEPARA',15,12),(159,'REMBANG',16,12),(160,'BLORA',17,12),(161,'POLTABES SURAKARTA',18,12),(162,'POLRES SUKOHARJO',19,12),(163,'KLATEN',20,12),(164,'BOYOLALI',21,12),(165,'SRAGEN',22,12),(166,'POLRES KARANGANYAR',23,12),(167,'POLRES WONOGIRI',24,12),(168,'POLRESTA MAGELANG',25,12),(169,'MAGELANG',26,12),(170,'PURWOREJO',27,12),(171,'KEBUMEN',28,12),(172,'TEMANGGUNG',29,12),(173,'POLRES WONOSOBO',30,12),(174,'POLWILTABES SEMARANG',31,12),(175,'POLRES SALATIGA',32,12),(176,'POLRES KENDAL',33,12),(177,'POLRES DEMAK',34,12),(178,'POLRES SEMARANG',35,12),(179,'POLRES SEMARANG SELATAN',36,12),(180,'POLRES SEMARANG TIMUR',37,12),(181,'POLRES SEMARANG BARAT',38,12),(182,'POLTABES YOGYAKARTA',1,13),(183,'POLRES BANTUL',2,13),(184,'POLRES KULON PROGO',3,13),(185,'POLRES GUNUNG KIDUL',4,13),(186,'POLRES SLEMAN',5,13),(187,'POLWILTABES SURABAYA',1,14),(188,'POLRES  SIDOARJO',2,14),(189,'POLRESTA MALNG',3,14),(190,'POLRES MALANG',4,14),(191,'POLRES BATU',5,14),(192,'POLRESTA PROBOLINGGO',6,14),(193,'POLRES PROBOLINGGO',7,14),(194,'POLRESTA PASURUAN',8,14),(195,'POLRES PASURUAN',9,14),(196,'POLRES LUMAJANG',10,14),(197,'POLRES BONDOWOSO',11,14),(198,'POLRES SITUBONDO',12,14),(199,'POLRES JEMBER',13,14),(200,'POLRES BANYUWANGI',14,14),(201,'POLRESTA KEDIRI',15,14),(202,'POLRES KEDIRI',16,14),(203,'POLRESTA BLITAR',17,14),(204,'POLRES BLITAR',18,14),(205,'POLRES TULUNGAGUNG',19,14),(206,'POLRES NGANJUK',20,14),(207,'POLRES TRENGGALEK',21,14),(208,'POLRESTA MADIUN',22,14),(209,'POLRES MADIUN',23,14),(210,'POLRES NGAWI',24,14),(211,'POLRES MAGETAN',25,14),(212,'POLRES PONOROGO',26,14),(213,'POLRES PACITAN',27,14),(214,'POLRES BOJONEGORO',28,14),(215,'POLRES TUBAN',29,14),(216,'POLRES LAMONGAN',30,14),(217,'POLRESTA MOJOKERTO',31,14),(218,'POLRES MOJOKERTO',32,14),(219,'POLRES JOMBANG',33,14),(220,'POLRES PAMEKASAN',34,14),(221,'POLRES BANGKALAN',35,14),(222,'POLRES SAMPANG',36,14),(223,'POLRES SUMENEP',37,14),(224,'POLTABES DENPASAR',1,15),(225,'POLRES BULELENG',2,15),(226,'POLRES TABANAN',3,15),(227,'POLRES GIANYAR',4,15),(228,'POLRES KLUNGKUNG',5,15),(229,'POLRES BANGLI',6,15),(230,'POLRES KARANGASEM',7,15),(231,'POLRES JEMBRANA',8,15),(232,'POLRES BADUNG',9,15),(233,'POLRES MATARAM',1,16),(234,'POLRES LOMBOK TENGAH',2,16),(235,'POLRES LOMBOK TIMUR',3,16),(236,'POLRES SUMBAWA',4,16),(237,'POLRES DOMPU',5,16),(238,'POLRESTA BIMA',6,16),(239,'POLRES LOMBOK BARAT',7,16),(240,'POLRES SUMBAWA BARAT',8,16),(241,'POLRES KUPANG KOTA',1,17),(242,'POLRES TIMOR TENGAH SELATAN',2,17),(243,'POLRES TIMOR TENGAH UTARA',3,17),(244,'POLRES BELU',4,17),(245,'POLRES SUMBA TIMUR',5,17),(246,'POLRES SUMBA BARAT',6,17),(247,'POLRES ENDE',7,17),(248,'POLRES SIKKA',8,17),(249,'POLRES FLORES TIMUR',9,17),(250,'POLRES NGADA',10,17),(251,'POLRES MANGGARAI',11,17),(252,'POLRES ALOR',12,17),(253,'POLRES KUPANG',13,17),(254,'POLRES LEMBATA',14,17),(255,'POLRES ROTE NDAO',15,17),(256,'POLRES MANGGARAI BARAT',16,17),(257,'POLTABES BALIKPAPAN',1,18),(258,'POLTABES SAMARINDA',2,18),(259,'POLRES BULUNGAN',3,18),(260,'POLRES BERAU',4,18),(261,'POLRES KUTAI',5,18),(262,'POLRES PASIR',6,18),(263,'POLRES BONTANG',7,18),(264,'POLRES TARAKAN',8,18),(265,'POLRES NUNUKAN',9,18),(266,'POLRES KUTAI TIMUR',10,18),(267,'POLRES MILANU',11,18),(268,'POLRES PENAJAM PASIR UTARA',12,18),(269,'POLRES KUTAI BARAT',13,18),(270,'POLTABES BANJARMASIN',1,19),(271,'POLRES BANJAR/MARTAPURA',2,19),(272,'POLRES HULU SUNGAI SELATAN',3,19),(273,'POLRES HULU SUNGAI TENGAH',4,19),(274,'POLRES HULU SUNGAI UTARA',5,19),(275,'POLRES PULAU BARU',6,19),(276,'POLRES TABALONG',7,19),(277,'POLRES TAPIN',8,19),(278,'POLRES TANAH LAUT',9,19),(279,'POLRES BARITO KUALA',10,19),(280,'POLRESTA BANJAR BARU',11,19),(281,'POLRESTA TANAH BAMBU',12,19),(282,'POLRES BALANGAN',13,19),(283,'POLRES PALANGKARAYA',1,20),(284,'POLRES KAPUAS',2,20),(285,'POLRES BARITO SELATAN',3,20),(286,'POLRES BARITO UTARA',4,20),(287,'POLRES KOTA WAR. TIMUR',5,20),(288,'POLRES KOTA WAR. BARAT',6,20),(289,'POLRES LAMANDAU',7,20),(290,'POLRES BARITO TIMUR',8,20),(291,'POLRES MURUNG RAYA',9,20),(292,'POLWILTABES MAKASAR',1,21),(293,'POLRES GOWA',2,21),(294,'POLRES TAKALAR',3,21),(295,'POLRES MAROS',4,21),(296,'POLRES PANGKEP',5,21),(297,'POLRES BANTAENG',6,21),(298,'POLRES JANEPONTO',7,21),(299,'POLRES BULUKUMBA',8,21),(300,'POLRES SELAYAR',9,21),(301,'POLRESTA PARE-PARE',10,21),(302,'POLRES BARRU',11,21),(303,'POLRES SIDRAP',12,21),(304,'POLRES PINRANG',13,21),(305,'POLRES MAJENE',14,21),(306,'POLRES POLMAS',15,21),(307,'POLRES MAMUJU',16,21),(308,'POLRES LUWU',17,21),(309,'POLRES TANA TORAJA',18,21),(310,'POLRES ENREKANG',19,21),(311,'POLRES BONE',20,21),(312,'POLRES WAJO',21,21),(313,'POLRES SOPPENG',22,21),(314,'POLRES SINJAI',23,21),(315,'POLRES LUWU UTARA',24,21),(316,'POLRES LUWU TIMUR',25,21),(317,'POLRESTA KENDARI',1,22),(318,'POLRES KOLAKA',2,22),(319,'POLRES BAU-BAU',3,22),(320,'POLRES MANU',4,22),(321,'POLRES KONAWE',5,22),(322,'POLRES KONSEL',6,22),(323,'POLRES KOLUT',7,22),(324,'POLTABES MANADO',1,23),(325,'POLRES MINAHASA',2,23),(326,'POLRES SNGIR TALAUD',3,23),(327,'POLRES BOLANG MANGONDOW',4,23),(328,'POLRES BITUNG',5,23),(329,'POLRES MINSEL',6,23),(330,'POLRES TOMOHON',7,23),(331,'POLRESTA PALU',1,24),(332,'POLRES TOLI-TOLI',2,24),(333,'POLRES POSO',3,24),(334,'POLRES BANGGAI',4,24),(335,'POLRES DONGGALA',5,24),(336,'POLRES MOROWALI',6,24),(337,'POLRES PARIMO',7,24),(338,'POLRESTA AMBON',1,25),(339,'POLRES MALUKU TENGGARA',2,25),(340,'POLRES MALUKU TENGAH',3,25),(341,'POLRES PULAU BURU',4,25),(342,'POLRES MALUKU TB',5,25),(343,'POLRESTA JAYAPURA',1,26),(344,'POLRES JAYAWIJAYA',2,26),(345,'POLRES BIAK NUMFOR',3,26),(346,'POLRES MONKWARI',4,26),(347,'POLRES FAK-FAK',5,26),(348,'POLRES MERAOKE',6,26),(349,'POLRES SORONG',7,26),(350,'POLRES NABIRE',8,26),(351,'POLRES YAPENWAROPEN',9,26),(352,'POLRES MIMIKA',10,26),(353,'POLRES JAYAPURA',11,26),(354,'POLRES SORONG AIMAS',12,26),(355,'POLRES SERANG',1,27),(356,'POLRES PANDEGLANG',2,27),(357,'POLRES LEBAK',3,27),(358,'POLRES CILEGON',4,27),(359,'POLRESTA PANGKAL PINANG',1,28),(360,'POLRES BELITUNG',2,28),(361,'POLRES BANGKA',3,28),(362,'POLRES BANGKA SELATAN',4,28),(363,'POLRES BANGKA BARAT',5,28),(364,'POLRESTA GORONTALO',1,29),(365,'POLRES LOMBOTO',2,29),(366,'POLRES PAHUWATU',3,29),(367,'POLRES BOALEMO',4,29),(368,'POLRES BONE BOLANGO',5,29),(369,'POLRES MALUKU UTARA',1,30),(370,'POLRES TIDORE',2,30),(371,'POLRES HALMAHERA UTARA',3,30),(372,'POLRES KEPULAUN SANANA',4,30),(373,'POLRES TANJUNG PINANG',1,31),(374,'POLTABES BALERANG',2,31),(375,'POLRES KARIMUN',3,31),(376,'POLRES NATUNA',4,31),(377,'POLRES KEPULAUAN KEPRI',5,31),(378,'POLRES SUBANG',26,11),(380,'POLRES MAMASA',26,21),(381,'POLRES MAMUJU UTARA',27,21),(382,'POLRES PALOPO',28,21),(383,'POLRES PELABUHAN',29,21);
/*!40000 ALTER TABLE `m_polres` ENABLE KEYS */;
UNLOCK TABLES;

--
-- Table structure for table `pengguna`
--

DROP TABLE IF EXISTS `pengguna`;
/*!40101 SET @saved_cs_client     = @@character_set_client */;
/*!40101 SET character_set_client = utf8 */;
CREATE TABLE `pengguna` (
  `id` int(11) NOT NULL AUTO_INCREMENT,
  `nama` varchar(50) NOT NULL,
  `email` varchar(50) NOT NULL,
  `password` varchar(50) NOT NULL,
  `alamat` text NOT NULL,
  `level` int(1) NOT NULL,
  `nomor_hp` varchar(20) DEFAULT NULL,
  PRIMARY KEY (`id`)
) ENGINE=InnoDB AUTO_INCREMENT=4 DEFAULT CHARSET=latin1;
/*!40101 SET character_set_client = @saved_cs_client */;

--
-- Dumping data for table `pengguna`
--

LOCK TABLES `pengguna` WRITE;
/*!40000 ALTER TABLE `pengguna` DISABLE KEYS */;
INSERT INTO `pengguna` VALUES (1,'User','user@gmail.com','0cc175b9c0f1b6a831c399e269772661','Jln. Osap Sio ',3,NULL),(2,'Super Admin','admin@admin.com','0cc175b9c0f1b6a831c399e269772661','Jln. Cendrawasih No. 3',1,NULL),(3,'Biro Jasa','birojasa@gmail.com','0cc175b9c0f1b6a831c399e269772661','Jln. Biro Jasa',2,NULL);
/*!40000 ALTER TABLE `pengguna` ENABLE KEYS */;
UNLOCK TABLES;
/*!40103 SET TIME_ZONE=@OLD_TIME_ZONE */;

/*!40101 SET SQL_MODE=@OLD_SQL_MODE */;
/*!40014 SET FOREIGN_KEY_CHECKS=@OLD_FOREIGN_KEY_CHECKS */;
/*!40014 SET UNIQUE_CHECKS=@OLD_UNIQUE_CHECKS */;
/*!40101 SET CHARACTER_SET_CLIENT=@OLD_CHARACTER_SET_CLIENT */;
/*!40101 SET CHARACTER_SET_RESULTS=@OLD_CHARACTER_SET_RESULTS */;
/*!40101 SET COLLATION_CONNECTION=@OLD_COLLATION_CONNECTION */;
/*!40111 SET SQL_NOTES=@OLD_SQL_NOTES */;

-- Dump completed on 2016-04-10 14:47:59
